readTime,saveTime,registrationTime,transformationTime,total,caseName
0.3345438,23.6907475,132.5614272,4.7283755,161.315094,copd1
0.4135053,31.2115603,159.7722523,4.544653,195.9419709,copd2
0.4681658,36.131909,183.3725897,4.8011669,224.7738314,copd3
0.4502242,35.4154561,161.9817536,4.7811184,202.6285523,copd4
