readTime,saveTime,registrationTime,transformationTime,total,caseName
0.432564,0.0005979,36.1402105,2.5117312,39.0851036,copd1
0.5108379,0.0005994,62.3104491,2.5107134,65.3325998,copd2
2.4194769,0.0042362,59.8447441,2.1829926,64.4514498,copd3
0.5899222,0.0008129,37.8746169,2.1544732,40.6198252,copd4
