readTime,saveTime,registrationTime,transformationTime,total,caseName
0.8500445,0.0045205,1283.7058796,2.6012888,1287.1617334,copd1
0.2845983,0.0011807,557.9048592,2.224281,560.4149192,copd2
0.5258706,0.0037617,691.592313,2.8772903,694.9992356,copd3
0.5849967,0.0013216,603.2445211,2.3423314,606.1731708,copd4
