readTime,saveTime,registrationTime,transformationTime,total,caseName
0.4859539,0.0022786,19.2471306,0.5547284,20.2900915,copd1
0.4271864,0.0020339,47.3395368,0.5547284,48.3234855,copd2
3.0072672,0.024646,61.1599934,0.5547284,64.746635,copd3
2.8289673,0.0212391,39.8860433,0.5547284,43.2909781,copd4
