readTime,saveTime,registrationTime,transformationTime,total,caseName
0.3340306,29.6919275,134.2298771,3.5912853,167.8471205,copd1
0.2626643,24.9530539,126.0276212,3.2358791,154.4792185,copd2
0.5181727,35.2317592,149.928237,3.9594348,189.6376037,copd3
0.3372144,24.2684502,132.8614145,3.9342151,161.4012942,copd4
