readTime,saveTime,registrationTime,transformationTime,total,caseName
0.3082985,0.0026314,36.5071242,0.7933938,37.6114479,copd1
0.2406491,0.0010642,34.446772,0.7525723,35.4410576,copd2
0.3068707,0.0009835,41.7450063,0.8177597,42.8706202,copd3
0.3399649,0.0010432,37.6192265,0.747003,38.7072376,copd4
