readTime,saveTime,registrationTime,transformationTime,total,caseName
0.3471603,29.8733546,61.4941564,4.146151,95.8608223,copd1
0.4304927,30.7097928,46.0080972,3.6153409,80.7637236,copd2
0.6058228,36.5098319,72.3516863,4.3090813,113.7764223,copd3
0.6203927,31.6975122,56.7152767,4.8032845,93.8364661,copd4
