readTime,saveTime,registrationTime,transformationTime,total,caseName
0.3026342,0.0029028,52.6162809,0.7608934,53.6827113,copd1
0.3006124,0.0021261,47.7220296,0.8039847,48.8287528,copd2
0.3999112,0.0011841,53.9174623,0.8081714,55.126729,copd3
0.3215862,0.0012976,48.2481039,0.7579158,49.3289035,copd4
