voxel,mm,NCC,NGC,caseName
9.31302618046629,7.09510280741533,0.6153799,0.0186267901048824,copd1
9.31302618046629,7.09510280741533,0.6153799,0.0186267901048824,copd2
9.31302618046629,7.09510280741533,0.6153799,0.0186267901048824,copd3
9.31302618046629,7.09510280741533,0.6153799,0.0186267901048824,copd4
