voxel,mm,caseName
1.75018404192098,1.45506144927401,copd1
3.2858866231824,3.18534173426464,copd2
1.47949558075441,1.3785847901562,copd3
7.25119303276321,6.70119214796752,copd4
