voxel,mm,caseName
1.80945397703678,1.49245978311567,copd1
3.36330290464289,3.27150849306983,copd2
1.49890333697355,1.36524070961518,copd3
12.0345840562929,10.5633257411642,copd4
