voxel,mm,caseName
1.71909460867692,1.43288826769131,copd1
3.22935271578545,3.52149388029504,copd2
1.46901669528874,1.36074744206359,copd3
17.293328226022,16.2121438688844,copd4
