voxel,mm,caseName
1.92334244942583,1.56737249596422,copd1
3.1579059920249,3.13939558353903,copd2
1.46233376491458,1.36818466273676,copd3
2.15519008254473,1.82312068054948,copd4
