voxel,mm,caseName
1.80260920430067,1.49133152997526,copd1
3.32149900305092,3.22113962792029,copd2
1.50354034776832,1.37152653696389,copd3
9.61976434902891,8.16733731570057,copd4
