voxel,mm,caseName
1.82076300526275,1.51042572145363,copd1
3.16901338305615,3.15609078416079,copd2
1.4967053963902,1.37485710619009,copd3
2.35909635854148,1.93347333563989,copd4
