voxel,mm,NCC,NGC,caseName
5.07225325687088,3.9201557699886,0.805854,0.0347697781824804,copd1
3.42696280632842,3.3351968232927,0.8317777,0.0694012986504289,copd2
1.54367585347665,1.42919259049901,0.8258489,0.136349244349703,copd3
2.22532179655993,1.96440047972798,0.8026565,0.0294491906278693,copd4
