voxel,mm,NCC,NGC,caseName
4.2773958812399,3.25661145104393,0.7272888,0.0359119808704041,copd1
3.33722109324211,3.42294326137389,0.7568012,0.0306816272427939,copd2
1.47753575027516,1.4068177330039,0.8212991,0.121240301568011,copd3
2.07914050465283,1.792148651325,0.6148815,0.00861990643634567,copd4
